guid,archetype,expected_label
65dd19e10e998245d147790cd239da60,consumer-domain-bot,bot
3379bdf7957629a13e7de6a2718316a3,leetspeak,bot
ef09a544abcef7e63d4907ccc3f24fef,no-vowels,bot
7deda15107e51311038af24a258d4bce,counter-run,bot
0a96c71695cfb9945a7ffe5a972acd40,random-string-handle,bot
8d7531e430077847586dcb16764bb0de,platform-themed-domain,bot
99f949bca7b0a6576d2903d7207110ea,failed-activation,human
557a7156e9af70a3dc3fb0008c247e17,word-mashup,bot
38e69c8264d54b93e818ae26b8e59df3,leetspeak,bot
a07a7e25a36f8d70f0f95c36b9664c0f,platform-themed-domain,bot
0dc241b5052837c31c9ce5a9b03cb23e,counter-run,bot
0d82c1d9a03f363e73aba067631db878,counter-run,bot
5030566a54f993bff900e616cfd0def2,word-mashup,bot
48663be6d3f8850929426b93006a4ad7,chosen-nickname,human
e24c80cfb6ef1228a02d0c61e7f0496d,minted-domain-run,bot
78a11535c5dcc126359538513d1cf1d8,sibling-domains,bot
534d1c8a92f104cea1983ee6b6800ef3,apple-relay,human
d9d52d67c44780c77c523467ca3ac4a9,sibling-domains,bot
7aea7da98e80f8f990b0bccedfbb500b,minted-domain-run,bot
df3828ccfb43e04572c37659634f59dc,disposable-mailbox,bot
86a9b60f7a58baf28a35cc3304607fc5,real-name,human
db80944d101f41a9bd222ec4cc924312,random-string-handle,bot
78a0f41688822aa4cf4a0735069bd200,leet-looking-human,human
e3e29fbbd909ddce58183b526692fc2c,awaiting-reactivation,bot
6d55dbb989c1853610b6a36dc9001fff,no-events,human
80f384abbbda915b41655bd140efaf93,timestamp-handle,bot
5b24ee7af3b81c14a98ae9b55784db56,leet-looking-human,human
91bbda931706a02eb42795ea51665412,platform-themed-domain,bot
d7af1c1779f624083d5d884d438e2d8e,chosen-nickname,human
f7bc0752954b86fe0f94124c673fad89,enriched-events,human
760509f7fec77243ac8da1825a8f2136,sibling-domains,bot
7162fdfce307d0cc7206ce3f4e20645c,separator-handle,human
7afda59f170738caf91638ceddab1ea7,enriched-events,human
863ee98def432be6f0a8e64678d111c7,regional-isp,human
af3d0b2f83b2cf390cf0b88d2af0ad91,leetspeak,bot
8527988daa5ed2f9b02fcea496370dc7,chosen-nickname,human
944f8c79f79bb90b841d5dcd04a1f51f,awaiting-activation,human
f4fcc51849869ed2579571f341615618,timestamp-handle,bot
07699ecc1bbb9fe45e66526e4b5b8e3e,leetspeak,bot
e965d45a533713c0e518e7ae24f1aefc,separator-handle,human
373ecc22b973262781f072a15eae3bd6,real-name,human
22b4237e5bfd5103712d80afed0426e6,consumer-domain-bot,bot
f92ca189aec7460626103fa8227f9bb3,real-name,human
da7d9e86ad84e27b96384f41faf06846,apple-relay,human
ca2aba2750b1f69d91890b9b6dbde087,real-name,human
ebd454935324639585107bcb20ee5e36,separator-handle,human
c350e68f2edaca46cd6c2d55015df47f,regional-isp,human
e0eaf577f6f1ba05caa67d7644ae6276,real-name,human
fdd56bd1e7f551a32e32e3e595f0935e,timestamp-handle,bot
e7a9c346c6bbe94c92e1e2dbf9832dcb,minted-domain-run,bot
90541dd63d487f0730ca206b03dbb40d,no-vowels,bot
b67e4f7cd6bfe60310db16d2857fcd97,proxied-events,bot
63da62f757e019206a15589256497b65,no-email,human
114712f4c3ace91ce55cc8c8dfdbc05f,minted-domain-run,bot
b1c666167e7930faacd8f30d16f86e81,consumer-domain-bot,bot
e061325c58f77837ab60d854e05c8190,leet-looking-human,human
d6ca8cfd877386051773f97a25ef23bd,disposable-mailbox,bot
3a5a351b3cfb5c2ad1f20eb56d94253b,no-neighbours,bot
8385b077a59adfca62fa5217cb373bb8,word-mashup,bot
0f43ef415bfa0e54d1737a54b4eaedbe,disposable-mailbox,bot
63d0478fb8041dba451bef4e81d08345,random-string-handle,bot
7c56f42455310404a4b95512bd9b3a31,real-name,human
ce7834fa53a2239e21eb0a3102d01510,chosen-nickname,human
eecc94c2c16a9c45913ad679c3d1c160,chosen-nickname,human
efb5a20c9c74dcc631f5d38850924ec5,proxied-events,bot
